label,text
spam,"Exclusive deal just for you Anjali! Get shoes absolutely FREE, just pay shipping. Order now!"
ham,"Urgent: please submit your shoes feedback form before 11 AM today, it closes soon."
spam,You have been selected to receive a FREE furniture. Reply YES to claim your prize now.
spam,"This is not a scam! Guaranteed $100 income, work only 2 hours a week. Join today."
ham,Let's sync up about the the research paper presentation before the the placement cell review on Wednesday.
ham,"Thanks for the feedback on my the marketing plan report, I will make the corrections by Sunday."
spam,"Exclusive deal just for you Anjali! Get watches absolutely FREE, just pay shipping. Order now!"
spam,CONGRATULATIONS! Your mobile number has won $5000 in the Google lottery. Contact us immediately.
ham,"Hi Rahul, just checking in about the the internship report internship interview scheduled for Monday at 2 PM."
ham,Thanks for sending over the invoice. I have processed the payment of $5000 today.
spam,FREE entry into our $10000 weekly draw just by texting WIN to 80087 now!
spam,Congratulations Emma! You have WON a smartwatch worth $250. Claim now before it expires!
ham,Reminder: electricity bill of $500 is due on Monday. You can pay it online via the portal.
ham,"Great job on the watches hackathon submission, the the university panel really liked the idea."
spam,Your prize of $250 cash is waiting! Click bit.ly/claim-now now to claim before midnight tonight.
ham,"Reminder: your free trial for the Amazon software ends on Wednesday, upgrade if you'd like to continue."
ham,"Urgent: please submit your textbooks feedback form before 11 AM today, it closes soon."
spam,"Exclusive deal just for you Ravi! Get the marketing plan absolutely FREE, just pay shipping. Order now!"
spam,Congratulations Amit! You have WON a smartwatch worth $5000. Claim now before it expires!
ham,"The the college placement drive is scheduled for Sunday, please carry your resume and ID card."
spam,"Dear John, you have inherited $5000 from a relative abroad. Contact us to claim your funds."
spam,"Make $100 a day from home with this secret system! No boss, no schedule, click www.free-prize-win.net now."
ham,"Urgent: please submit your furniture feedback form before 5 PM today, it closes soon."
ham,"Hi Sneha, just checking in about the the marketing plan internship interview scheduled for Monday at 2 PM."
spam,Get rich quick! Earn $1000 per week working from home. No experience required. Sign up now!
spam,CONGRATULATIONS! Your mobile number has won $5000 in the the college lottery. Contact us immediately.
ham,"Team, the sprint review for the internship report is at 2 PM on next week, please prepare your updates."
spam,Cheap the marketing plan at unbeatable prices! 90% OFF today only. Order now at secure-verify-account.com before stock runs out.
spam,"Dear John, you have inherited $250 from a relative abroad. Contact us to claim your funds."
spam,"Dear Karan, you have inherited $100 from a relative abroad. Contact us to claim your funds."
ham,"Hey Amit, are we still on for lunch on tomorrow? I was thinking the cafe near the office."
ham,"Hi Emma, thanks for your help with the the internship report project, really appreciate the effort."
ham,Reminder: electricity bill of $100 is due on Tuesday. You can pay it online via the portal.
ham,"The professor extended the textbooks lab submission deadline to Monday, please plan accordingly."
ham,"Urgent: please submit your watches feedback form before 5 PM today, it closes soon."
spam,Your PayPal account has been limited. Verify your identity now at login-update-secure.com to restore access.
ham,Your flight to the Google conference is confirmed for tomorrow. Boarding passes are attached.
ham,"The AKTU placement drive is scheduled for Tuesday, please carry your resume and ID card."
spam,"This is not a scam! Guaranteed $5000 income, work only 2 hours a week. Join today."
spam,"Exclusive deal just for you Pooja! Get electronics absolutely FREE, just pay shipping. Order now!"
spam,Your prize of $50 cash is waiting! Click bit.ly/claim-now now to claim before midnight tonight.
ham,"Team, the sprint review for the semester project is at 11 AM on tomorrow, please prepare your updates."
ham,"Hi Priya, the the university scholarship results are out, congratulations on your selection!"
spam,Congratulations Pooja! You have WON a iPhone 15 worth $500. Claim now before it expires!
ham,Thanks for sending over the invoice. I have processed the payment of $500 today.
spam,Cheap the internship report at unbeatable prices! 90% OFF today only. Order now at login-update-secure.com before stock runs out.
ham,"Hey Rahul, are we still on for lunch on Saturday? I was thinking the cafe near the office."
ham,Your order for watches has been shipped and will arrive by Saturday. Track it using the link in your account.
ham,Your flight to the HDFC Bank conference is confirmed for tomorrow. Boarding passes are attached.
ham,You can get a free upgrade to the premium HDFC Bank library plan if you register before Sunday.
ham,"Congratulations on completing the the internship report certification Aditi, well deserved!"
ham,"Hi Aditi, the AKTU scholarship results are out, congratulations on your selection!"
ham,"Hi Sneha, thanks for your help with the electronics project, really appreciate the effort."
ham,"Hi Sam, can we reschedule our meeting to next week at 6 PM? Let me know if that works for you."
ham,Your flight to the AKTU conference is confirmed for Saturday. Boarding passes are attached.
ham,You can get a free upgrade to the premium the university library plan if you register before Saturday.
ham,"The professor extended the the semester project lab submission deadline to Friday, please plan accordingly."
spam,CONGRATULATIONS! Your mobile number has won $100 in the Amazon lottery. Contact us immediately.
ham,Reminder: electricity bill of $50 is due on Thursday. You can pay it online via the portal.
ham,Can you review the furniture document I shared and send feedback by next week?
ham,Reminder: electricity bill of $250 is due on Sunday. You can pay it online via the portal.
ham,"Urgent: please submit your the lab assignment feedback form before 9 AM today, it closes soon."
spam,FINAL NOTICE: Your payment of $10000 is overdue. Pay now to avoid legal action at bit.ly/claim-now.
spam,Cheap shoes at unbeatable prices! 90% OFF today only. Order now at www.free-prize-win.net before stock runs out.
ham,Reminder: the the placement cell team stand-up is at 10 AM tomorrow. Please join on time.
spam,Lose 100 pounds in 5 days with this ONE simple trick doctors don't want you to know!
spam,CONGRATULATIONS! Your mobile number has won $1000 in the Microsoft lottery. Contact us immediately.
spam,Congratulations Kavya! You have WON a gift voucher worth $100. Claim now before it expires!
spam,WINNER!! As a valued customer you have been selected to receive a free smartwatch. Call now!
spam,You have been selected to receive a FREE the lab assignment. Reply YES to claim your prize now.
ham,Reminder: electricity bill of $500 is due on Wednesday. You can pay it online via the portal.
ham,Please submit your assignment on shoes before 10 AM on Friday through the portal.
ham,Reminder: the AKTU team stand-up is at 5 PM tomorrow. Please join on time.
ham,"Congratulations on completing the the internship report certification Arjun, well deserved!"
spam,Lose 5000 pounds in 14 days with this ONE simple trick doctors don't want you to know!
spam,"Make $50 a day from home with this secret system! No boss, no schedule, click bit.ly/claim-now now."
ham,Please find attached the furniture report for this month. Let me know if you have questions.
spam,Congratulations Rohit! You have WON a iPhone 15 worth $50. Claim now before it expires!
ham,"Hi Emma, thanks for your help with the the lab assignment project, really appreciate the effort."
ham,The quarterly project deadline has been moved to Sunday. Please update your timelines accordingly.
spam,Your prize of $5000 cash is waiting! Click bit.ly/claim-now now to claim before midnight tonight.
ham,"Urgent: please submit your the internship report feedback form before 11 AM today, it closes soon."
ham,Your order for the research paper has been shipped and will arrive by Saturday. Track it using the link in your account.
spam,"Dear Isha, you have inherited $10000 from a relative abroad. Contact us to claim your funds."
spam,"Viagra, Cialis and more at 80% discount! No prescription needed. Order discreetly at login-update-secure.com."
ham,"Hi David, the Microsoft library will be closed on Sunday for maintenance, plan your visit accordingly."
ham,"The the placement cell placement drive is scheduled for Saturday, please carry your resume and ID card."
ham,The quarterly project deadline has been moved to Tuesday. Please update your timelines accordingly.
ham,"Hi team, here are the minutes from today's Amazon meeting. Action items are listed below."
spam,Cheap the semester project at unbeatable prices! 90% OFF today only. Order now at secure-verify-account.com before stock runs out.
ham,"Hi Meera, can we reschedule our meeting to Friday at 10 AM? Let me know if that works for you."
ham,"Congratulations on completing the the research paper certification Meera, well deserved!"
ham,Please find attached the textbooks report for this month. Let me know if you have questions.
ham,"Congratulations on completing the electronics certification Arjun, well deserved!"
ham,Could you please share the notes from the shoes lecture? I missed class yesterday.
ham,"Thanks for the feedback on my textbooks report, I will make the corrections by Sunday."
spam,Congratulations Rohit! You have WON a PlayStation 5 worth $10000. Claim now before it expires!
ham,"Hi Sneha, the HDFC Bank library will be closed on Thursday for maintenance, plan your visit accordingly."
ham,"The professor extended the shoes lab submission deadline to next week, please plan accordingly."
spam,"Exclusive deal just for you Pooja! Get the semester project absolutely FREE, just pay shipping. Order now!"
ham,"Team, the sprint review for electronics is at 10 AM on Wednesday, please prepare your updates."
spam,"Make $250 a day from home with this secret system! No boss, no schedule, click secure-verify-account.com now."
ham,"Reminder: your free trial for the Amazon software ends on tomorrow, upgrade if you'd like to continue."
ham,"Team, the sprint review for the marketing plan is at 6 PM on next week, please prepare your updates."
spam,Your the college account shows suspicious activity. Confirm your password at bit.ly/claim-now within 24 hours.
ham,"Happy birthday Isha! Hope you have a wonderful day, let's catch up over coffee soon."
spam,"Make $250 a day from home with this secret system! No boss, no schedule, click bit.ly/claim-now now."
ham,Can you review the the marketing plan document I shared and send feedback by tomorrow?
spam,"Double your bitcoin investment in 5 days guaranteed! Limited slots available, invest now at www.free-prize-win.net."
spam,Refinance your loan today and save thousands! Pre-approved offer expires in 2 days. Reply now.
ham,"Hey Priya, are we still on for lunch on Tuesday? I was thinking the cafe near the office."
ham,"Great job on the shoes hackathon submission, the the college panel really liked the idea."
spam,Get rich quick! Earn $50 per week working from home. No experience required. Sign up now!
ham,You can get a free upgrade to the premium Amazon library plan if you register before tomorrow.
ham,"Hey Amit, are we still on for lunch on Sunday? I was thinking the cafe near the office."
ham,"The professor extended the furniture lab submission deadline to Wednesday, please plan accordingly."
spam,You have been selected to receive a FREE watches. Reply YES to claim your prize now.
spam,Refinance your loan today and save thousands! Pre-approved offer expires in 14 days. Reply now.
ham,"Reminder: your free trial for the HDFC Bank software ends on Wednesday, upgrade if you'd like to continue."
spam,FINAL NOTICE: Your payment of $250 is overdue. Pay now to avoid legal action at secure-verify-account.com.
ham,Let's sync up about the the research paper presentation before the the university review on Saturday.
ham,"Hi team, here are the minutes from today's the university meeting. Action items are listed below."
ham,Please submit your assignment on the lab assignment before 9 AM on Thursday through the portal.
ham,Please submit your assignment on shoes before 2 PM on Sunday through the portal.
ham,"Hi Emma, the HDFC Bank scholarship results are out, congratulations on your selection!"
ham,Attached is the the internship report internship certificate you requested for verification.
spam,FINAL NOTICE: Your payment of $1000 is overdue. Pay now to avoid legal action at www.free-prize-win.net.
ham,"Hi Anjali, can we reschedule our meeting to Sunday at 3:30 PM? Let me know if that works for you."
spam,Your the university account shows suspicious activity. Confirm your password at bit.ly/claim-now within 24 hours.
spam,Your prize of $1000 cash is waiting! Click www.free-prize-win.net now to claim before midnight tonight.
spam,"Double your bitcoin investment in 7 days guaranteed! Limited slots available, invest now at bit.ly/claim-now."
ham,"Hi Emma, just checking in about the watches internship interview scheduled for tomorrow at 10 AM."
spam,Lose 100 pounds in 3 days with this ONE simple trick doctors don't want you to know!
ham,"Reminder: your free trial for the the university software ends on Wednesday, upgrade if you'd like to continue."
spam,"LIMITED OFFER: Buy one get one FREE on all textbooks. Hurry, offer ends today! Visit bit.ly/claim-now"
ham,"Hi Anjali, can we reschedule our meeting to next week at 9 AM? Let me know if that works for you."
ham,Can you review the the research paper document I shared and send feedback by Tuesday?
ham,Your flight to the the university conference is confirmed for next week. Boarding passes are attached.
ham,You can get a free upgrade to the premium Amazon library plan if you register before Tuesday.
spam,"Dear Amit, you have inherited $10000 from a relative abroad. Contact us to claim your funds."
ham,"Team, the sprint review for the semester project is at 2 PM on Tuesday, please prepare your updates."
ham,"Reminder: your free trial for the Microsoft software ends on Saturday, upgrade if you'd like to continue."
ham,"Reminder: your free trial for the the university software ends on Monday, upgrade if you'd like to continue."
spam,Cheap textbooks at unbeatable prices! 90% OFF today only. Order now at bit.ly/claim-now before stock runs out.
ham,Please submit your assignment on the lab assignment before 2 PM on Saturday through the portal.
ham,Please find attached the shoes report for this month. Let me know if you have questions.
spam,Get rich quick! Earn $500 per week working from home. No experience required. Sign up now!
ham,"Hi Sam, just checking in about the furniture internship interview scheduled for tomorrow at 9 AM."
spam,"Double your bitcoin investment in 3 days guaranteed! Limited slots available, invest now at secure-verify-account.com."
spam,"Dear Arjun, you have inherited $100 from a relative abroad. Contact us to claim your funds."
spam,Your the university account shows suspicious activity. Confirm your password at login-update-secure.com within 24 hours.
ham,"Hey Vikram, are we still on for lunch on Tuesday? I was thinking the cafe near the office."
spam,"This is not a scam! Guaranteed $1000 income, work only 3 hours a week. Join today."
spam,FREE entry into our $1000 weekly draw just by texting WIN to 80087 now!
ham,"Hi Aditi, thanks for your help with the watches project, really appreciate the effort."
ham,"Team, the sprint review for the lab assignment is at 2 PM on Wednesday, please prepare your updates."
ham,Please submit your assignment on the lab assignment before 6 PM on Saturday through the portal.
ham,"The professor extended the the research paper lab submission deadline to Sunday, please plan accordingly."
ham,"Urgent: please submit your electronics feedback form before 2 PM today, it closes soon."
ham,"Hey Sam, are we still on for lunch on next week? I was thinking the cafe near the office."
ham,Reminder: the AKTU team stand-up is at 10 AM tomorrow. Please join on time.
ham,Your flight to the the university conference is confirmed for tomorrow. Boarding passes are attached.
ham,"The professor extended the the internship report lab submission deadline to Sunday, please plan accordingly."
spam,"Exclusive deal just for you Pooja! Get the research paper absolutely FREE, just pay shipping. Order now!"
ham,Reminder: electricity bill of $1000 is due on Monday. You can pay it online via the portal.
ham,Reminder: electricity bill of $5000 is due on tomorrow. You can pay it online via the portal.
ham,Please find attached the the internship report report for this month. Let me know if you have questions.
ham,"Hi team, here are the minutes from today's Google meeting. Action items are listed below."
spam,"Dear Amit, you have inherited $5000 from a relative abroad. Contact us to claim your funds."
spam,Act now! Your credit score qualifies you for a $5000 loan with 0% interest. Apply at login-update-secure.com
ham,"Hi Sam, the the placement cell library will be closed on tomorrow for maintenance, plan your visit accordingly."
ham,The quarterly project deadline has been moved to Friday. Please update your timelines accordingly.
ham,"Hi team, here are the minutes from today's HDFC Bank meeting. Action items are listed below."
spam,"Exclusive deal just for you Isha! Get the research paper absolutely FREE, just pay shipping. Order now!"
spam,Lose 50 pounds in 14 days with this ONE simple trick doctors don't want you to know!
spam,"This is not a scam! Guaranteed $1000 income, work only 14 hours a week. Join today."
spam,Lose 1000 pounds in 14 days with this ONE simple trick doctors don't want you to know!
ham,Can you review the the research paper document I shared and send feedback by Sunday?
spam,CONGRATULATIONS! Your mobile number has won $10000 in the AKTU lottery. Contact us immediately.
ham,"Great job on the the semester project hackathon submission, the Google panel really liked the idea."
spam,Your Microsoft account shows suspicious activity. Confirm your password at secure-verify-account.com within 24 hours.
ham,Thanks for sending over the invoice. I have processed the payment of $100 today.
ham,"Thanks for the feedback on my watches report, I will make the corrections by Wednesday."
ham,"Hi Sneha, the the college library will be closed on Tuesday for maintenance, plan your visit accordingly."
ham,"Hi Sneha, thanks for your help with the shoes project, really appreciate the effort."
ham,"The Amazon placement drive is scheduled for Thursday, please carry your resume and ID card."
ham,"Urgent: please submit your the internship report feedback form before 5 PM today, it closes soon."
spam,CONGRATULATIONS! Your mobile number has won $100 in the the college lottery. Contact us immediately.
ham,"Great job on the the research paper hackathon submission, the AKTU panel really liked the idea."
spam,URGENT: Your account will be suspended. Click here secure-verify-account.com to verify your details immediately.
ham,Reminder: the Microsoft team stand-up is at 5 PM tomorrow. Please join on time.
ham,Could you please share the notes from the the internship report lecture? I missed class yesterday.
spam,"LIMITED OFFER: Buy one get one FREE on all the marketing plan. Hurry, offer ends today! Visit bit.ly/claim-now"
ham,You can get a free upgrade to the premium the college library plan if you register before tomorrow.
ham,"Reminder: your free trial for the the placement cell software ends on Monday, upgrade if you'd like to continue."
ham,"Hey Meera, are we still on for lunch on Monday? I was thinking the cafe near the office."
ham,Reminder: electricity bill of $5000 is due on Saturday. You can pay it online via the portal.
spam,"Dear Sneha, you have inherited $100 from a relative abroad. Contact us to claim your funds."
spam,Congratulations Priya! You have WON a vacation package worth $50. Claim now before it expires!
spam,"This is not a scam! Guaranteed $100 income, work only 7 hours a week. Join today."
spam,Your PayPal account has been limited. Verify your identity now at www.free-prize-win.net to restore access.
ham,Your order for the semester project has been shipped and will arrive by Monday. Track it using the link in your account.
spam,Your prize of $100 cash is waiting! Click bit.ly/claim-now now to claim before midnight tonight.
ham,"Hi Rahul, just checking in about the watches internship interview scheduled for Tuesday at 9 AM."
ham,"Hi Amit, just checking in about the textbooks internship interview scheduled for Monday at 3:30 PM."
ham,"The the college placement drive is scheduled for next week, please carry your resume and ID card."
spam,Your HDFC Bank account shows suspicious activity. Confirm your password at login-update-secure.com within 24 hours.
spam,"Make $5000 a day from home with this secret system! No boss, no schedule, click login-update-secure.com now."
ham,Please submit your assignment on watches before 9 AM on next week through the portal.
spam,Act now! Your credit score qualifies you for a $10000 loan with 0% interest. Apply at www.free-prize-win.net
spam,"Hot singles in your area want to meet you tonight! Click bit.ly/claim-now to chat now, 100% free!"
spam,"Dear Ravi, you have inherited $10000 from a relative abroad. Contact us to claim your funds."
ham,You can get a free upgrade to the premium HDFC Bank library plan if you register before Friday.
ham,"Hi Sam, thanks for your help with the the semester project project, really appreciate the effort."
ham,"Urgent: please submit your watches feedback form before 9 AM today, it closes soon."
ham,"Hi Aditi, can we reschedule our meeting to tomorrow at 5 PM? Let me know if that works for you."
spam,"Dear Ravi, you have inherited $5000 from a relative abroad. Contact us to claim your funds."
spam,"Hot singles in your area want to meet you tonight! Click login-update-secure.com to chat now, 100% free!"
spam,"This is not a scam! Guaranteed $10000 income, work only 10 hours a week. Join today."
spam,Congratulations Karan! You have WON a gift voucher worth $500. Claim now before it expires!
spam,"Exclusive deal just for you Meera! Get shoes absolutely FREE, just pay shipping. Order now!"
ham,"The the college placement drive is scheduled for Wednesday, please carry your resume and ID card."
spam,Your the placement cell account shows suspicious activity. Confirm your password at login-update-secure.com within 24 hours.
spam,CONGRATULATIONS! Your mobile number has won $250 in the HDFC Bank lottery. Contact us immediately.
ham,Your flight to the Microsoft conference is confirmed for Thursday. Boarding passes are attached.
spam,Cheap the research paper at unbeatable prices! 90% OFF today only. Order now at www.free-prize-win.net before stock runs out.
spam,Refinance your loan today and save thousands! Pre-approved offer expires in 5 days. Reply now.
ham,"Thanks for the feedback on my electronics report, I will make the corrections by Saturday."
spam,"Make $1000 a day from home with this secret system! No boss, no schedule, click login-update-secure.com now."
spam,"LIMITED OFFER: Buy one get one FREE on all watches. Hurry, offer ends today! Visit login-update-secure.com"
ham,"Hey Rohit, are we still on for lunch on tomorrow? I was thinking the cafe near the office."
spam,"LIMITED OFFER: Buy one get one FREE on all the lab assignment. Hurry, offer ends today! Visit secure-verify-account.com"
ham,"Hi Ravi, the Microsoft scholarship results are out, congratulations on your selection!"
ham,Attached is the watches internship certificate you requested for verification.
spam,Cheap furniture at unbeatable prices! 90% OFF today only. Order now at www.free-prize-win.net before stock runs out.
spam,You have been selected to receive a FREE the research paper. Reply YES to claim your prize now.
ham,"Hi Aditi, the Microsoft scholarship results are out, congratulations on your selection!"
spam,"Exclusive deal just for you Aditi! Get the lab assignment absolutely FREE, just pay shipping. Order now!"
ham,You can get a free upgrade to the premium Microsoft library plan if you register before Sunday.
spam,"Exclusive deal just for you Vikram! Get furniture absolutely FREE, just pay shipping. Order now!"
ham,"Team, the sprint review for the semester project is at 2 PM on next week, please prepare your updates."
spam,Lose 500 pounds in 30 days with this ONE simple trick doctors don't want you to know!
spam,"LIMITED OFFER: Buy one get one FREE on all electronics. Hurry, offer ends today! Visit www.free-prize-win.net"
spam,"LIMITED OFFER: Buy one get one FREE on all the research paper. Hurry, offer ends today! Visit bit.ly/claim-now"
ham,Reminder: electricity bill of $5000 is due on Monday. You can pay it online via the portal.
spam,Cheap electronics at unbeatable prices! 90% OFF today only. Order now at secure-verify-account.com before stock runs out.
ham,"Congratulations on completing the furniture certification Neha, well deserved!"
spam,Your prize of $10000 cash is waiting! Click login-update-secure.com now to claim before midnight tonight.
ham,"Congratulations on completing the the semester project certification Rahul, well deserved!"
ham,"Hi Emma, thanks for your help with the the research paper project, really appreciate the effort."
ham,"Hi Neha, just checking in about the the lab assignment internship interview scheduled for tomorrow at 9 AM."
spam,"Viagra, Cialis and more at 80% discount! No prescription needed. Order discreetly at bit.ly/claim-now."
ham,Can you review the the lab assignment document I shared and send feedback by Wednesday?
spam,"Make $100 a day from home with this secret system! No boss, no schedule, click bit.ly/claim-now now."
ham,"Thanks for the feedback on my furniture report, I will make the corrections by Wednesday."
spam,"Exclusive deal just for you Arjun! Get the lab assignment absolutely FREE, just pay shipping. Order now!"
ham,Your order for the semester project has been shipped and will arrive by Saturday. Track it using the link in your account.
spam,"Dear Anjali, you have inherited $250 from a relative abroad. Contact us to claim your funds."
ham,Your order for watches has been shipped and will arrive by Monday. Track it using the link in your account.
spam,"Double your bitcoin investment in 14 days guaranteed! Limited slots available, invest now at bit.ly/claim-now."
ham,Your flight to the AKTU conference is confirmed for Friday. Boarding passes are attached.
ham,This is an urgent reminder that fee payment for the semester is due on Monday.
ham,Attached is the the research paper internship certificate you requested for verification.
spam,You have been selected to receive a FREE textbooks. Reply YES to claim your prize now.
ham,"Team, the sprint review for the marketing plan is at 3:30 PM on Tuesday, please prepare your updates."
ham,"Great job on the the internship report hackathon submission, the AKTU panel really liked the idea."
spam,"Double your bitcoin investment in 14 days guaranteed! Limited slots available, invest now at secure-verify-account.com."
ham,Could you please share the notes from the electronics lecture? I missed class yesterday.
ham,"Happy birthday Aditi! Hope you have a wonderful day, let's catch up over coffee soon."
ham,"Congratulations on completing the the lab assignment certification Aditi, well deserved!"
spam,FINAL NOTICE: Your payment of $10000 is overdue. Pay now to avoid legal action at secure-verify-account.com.
spam,FINAL NOTICE: Your payment of $500 is overdue. Pay now to avoid legal action at secure-verify-account.com.
ham,Could you please share the notes from the the lab assignment lecture? I missed class yesterday.
ham,"Hi Neha, thanks for your help with the the research paper project, really appreciate the effort."
spam,Lose 5000 pounds in 7 days with this ONE simple trick doctors don't want you to know!
spam,"You are our lucky winner! Claim your FREE PlayStation 5 today. Limited time offer, act now!"
ham,"Urgent: please submit your textbooks feedback form before 6 PM today, it closes soon."
spam,CONGRATULATIONS! Your mobile number has won $250 in the Google lottery. Contact us immediately.
ham,Let's sync up about the shoes presentation before the Microsoft review on Tuesday.
ham,"Congratulations on completing the electronics certification Isha, well deserved!"
spam,Lose 250 pounds in 2 days with this ONE simple trick doctors don't want you to know!
ham,"Hi Karan, the Microsoft scholarship results are out, congratulations on your selection!"
ham,"Congratulations on completing the the research paper certification Anjali, well deserved!"
spam,FINAL NOTICE: Your payment of $1000 is overdue. Pay now to avoid legal action at login-update-secure.com.
ham,Reminder: the the university team stand-up is at 5 PM tomorrow. Please join on time.
ham,"The the placement cell placement drive is scheduled for tomorrow, please carry your resume and ID card."
spam,"Make $10000 a day from home with this secret system! No boss, no schedule, click secure-verify-account.com now."
ham,Attached is the shoes internship certificate you requested for verification.
ham,"The professor extended the furniture lab submission deadline to Saturday, please plan accordingly."
ham,"Hi Sneha, can we reschedule our meeting to next week at 10 AM? Let me know if that works for you."
spam,Lose 10000 pounds in 30 days with this ONE simple trick doctors don't want you to know!
ham,"Hi Pooja, the HDFC Bank library will be closed on Friday for maintenance, plan your visit accordingly."
ham,"Hey Ravi, are we still on for lunch on Tuesday? I was thinking the cafe near the office."
spam,Get rich quick! Earn $250 per week working from home. No experience required. Sign up now!
spam,"This is not a scam! Guaranteed $5000 income, work only 10 hours a week. Join today."
ham,Please submit your assignment on the internship report before 2 PM on Saturday through the portal.
ham,"The Microsoft placement drive is scheduled for Tuesday, please carry your resume and ID card."
spam,WINNER!! As a valued customer you have been selected to receive a free gift voucher. Call now!
ham,You can get a free upgrade to the premium HDFC Bank library plan if you register before Tuesday.
ham,Let's sync up about the electronics presentation before the the university review on Sunday.
spam,"You are our lucky winner! Claim your FREE iPhone 15 today. Limited time offer, act now!"
spam,"You are our lucky winner! Claim your FREE cash prize today. Limited time offer, act now!"
ham,Let's sync up about the electronics presentation before the AKTU review on Wednesday.
spam,Act now! Your credit score qualifies you for a $10000 loan with 0% interest. Apply at login-update-secure.com
ham,Your order for the internship report has been shipped and will arrive by Sunday. Track it using the link in your account.
spam,You have been selected to receive a FREE the semester project. Reply YES to claim your prize now.
ham,Let's sync up about the the internship report presentation before the Microsoft review on Friday.
ham,Can you review the furniture document I shared and send feedback by Monday?
ham,You can get a free upgrade to the premium the college library plan if you register before Tuesday.
ham,Your order for the research paper has been shipped and will arrive by tomorrow. Track it using the link in your account.
ham,Attached is the the marketing plan internship certificate you requested for verification.
ham,Thanks for sending over the invoice. I have processed the payment of $250 today.
spam,Cheap watches at unbeatable prices! 90% OFF today only. Order now at login-update-secure.com before stock runs out.
ham,"Team, the sprint review for electronics is at 10 AM on Sunday, please prepare your updates."
spam,CONGRATULATIONS! Your mobile number has won $1000 in the the college lottery. Contact us immediately.
spam,Lose 50 pounds in 5 days with this ONE simple trick doctors don't want you to know!
spam,"Double your bitcoin investment in 10 days guaranteed! Limited slots available, invest now at secure-verify-account.com."
ham,"The AKTU placement drive is scheduled for Saturday, please carry your resume and ID card."
ham,"Hi Sneha, just checking in about the the research paper internship interview scheduled for Saturday at 10 AM."
ham,"Great job on the the research paper hackathon submission, the Microsoft panel really liked the idea."
spam,Congratulations David! You have WON a smartwatch worth $100. Claim now before it expires!
ham,Please submit your assignment on electronics before 5 PM on Friday through the portal.
ham,Your order for the semester project has been shipped and will arrive by Friday. Track it using the link in your account.
spam,Act now! Your credit score qualifies you for a $5000 loan with 0% interest. Apply at bit.ly/claim-now
ham,You can get a free upgrade to the premium the placement cell library plan if you register before Wednesday.
ham,"Great job on the textbooks hackathon submission, the HDFC Bank panel really liked the idea."
spam,CONGRATULATIONS! Your mobile number has won $250 in the the university lottery. Contact us immediately.
ham,"Hi John, just checking in about the the research paper internship interview scheduled for Tuesday at 9 AM."
ham,"Hey Rohit, are we still on for lunch on Tuesday? I was thinking the cafe near the office."
spam,Refinance your loan today and save thousands! Pre-approved offer expires in 30 days. Reply now.
spam,CONGRATULATIONS! Your mobile number has won $10000 in the the college lottery. Contact us immediately.
ham,Please find attached the electronics report for this month. Let me know if you have questions.
spam,Your prize of $1000 cash is waiting! Click login-update-secure.com now to claim before midnight tonight.
ham,"Hi Rahul, the AKTU library will be closed on Wednesday for maintenance, plan your visit accordingly."
ham,"Congratulations on completing the furniture certification David, well deserved!"
ham,"Hey Isha, are we still on for lunch on Thursday? I was thinking the cafe near the office."
ham,"The the university placement drive is scheduled for Thursday, please carry your resume and ID card."
ham,"Team, the sprint review for watches is at 6 PM on next week, please prepare your updates."
ham,Let's sync up about the the research paper presentation before the the university review on Wednesday.
ham,This is an urgent reminder that fee payment for the semester is due on Tuesday.
spam,"Dear Sam, you have inherited $50 from a relative abroad. Contact us to claim your funds."
ham,Your flight to the the college conference is confirmed for Saturday. Boarding passes are attached.
spam,Act now! Your credit score qualifies you for a $50 loan with 0% interest. Apply at secure-verify-account.com
spam,"Exclusive deal just for you Anjali! Get furniture absolutely FREE, just pay shipping. Order now!"
spam,Your prize of $1000 cash is waiting! Click secure-verify-account.com now to claim before midnight tonight.
spam,Act now! Your credit score qualifies you for a $50 loan with 0% interest. Apply at login-update-secure.com
ham,"Hi Priya, the Google scholarship results are out, congratulations on your selection!"
ham,"Hi Sneha, the the placement cell library will be closed on next week for maintenance, plan your visit accordingly."
ham,Please submit your assignment on electronics before 11 AM on Saturday through the portal.
ham,"Hi Emma, just checking in about the the internship report internship interview scheduled for Tuesday at 2 PM."
ham,The quarterly project deadline has been moved to tomorrow. Please update your timelines accordingly.
ham,"Team, the sprint review for the marketing plan is at 2 PM on Tuesday, please prepare your updates."
spam,"This is not a scam! Guaranteed $100 income, work only 3 hours a week. Join today."
spam,Cheap watches at unbeatable prices! 90% OFF today only. Order now at secure-verify-account.com before stock runs out.
spam,"Double your bitcoin investment in 30 days guaranteed! Limited slots available, invest now at secure-verify-account.com."
ham,Reminder: electricity bill of $10000 is due on Monday. You can pay it online via the portal.
ham,This is an urgent reminder that fee payment for the semester is due on tomorrow.
ham,"Hi team, here are the minutes from today's the placement cell meeting. Action items are listed below."
spam,Congratulations Sam! You have WON a cash prize worth $500. Claim now before it expires!
spam,Congratulations Rahul! You have WON a gift voucher worth $500. Claim now before it expires!
ham,Let's sync up about the watches presentation before the the university review on Wednesday.
ham,Can you review the shoes document I shared and send feedback by Wednesday?
spam,CONGRATULATIONS! Your mobile number has won $1000 in the the university lottery. Contact us immediately.
spam,Get rich quick! Earn $5000 per week working from home. No experience required. Sign up now!
ham,You can get a free upgrade to the premium the placement cell library plan if you register before Friday.
ham,"Happy birthday Sam! Hope you have a wonderful day, let's catch up over coffee soon."
spam,"LIMITED OFFER: Buy one get one FREE on all the semester project. Hurry, offer ends today! Visit www.free-prize-win.net"
spam,"Double your bitcoin investment in 7 days guaranteed! Limited slots available, invest now at secure-verify-account.com."
ham,"Hi Arjun, can we reschedule our meeting to Wednesday at 3:30 PM? Let me know if that works for you."
spam,"Viagra, Cialis and more at 80% discount! No prescription needed. Order discreetly at www.free-prize-win.net."
spam,Your prize of $250 cash is waiting! Click www.free-prize-win.net now to claim before midnight tonight.
spam,Cheap the internship report at unbeatable prices! 90% OFF today only. Order now at bit.ly/claim-now before stock runs out.
spam,Your prize of $10000 cash is waiting! Click bit.ly/claim-now now to claim before midnight tonight.
ham,Your order for the marketing plan has been shipped and will arrive by next week. Track it using the link in your account.
spam,FINAL NOTICE: Your payment of $50 is overdue. Pay now to avoid legal action at bit.ly/claim-now.
spam,Congratulations Karan! You have WON a iPhone 15 worth $10000. Claim now before it expires!
ham,"Urgent: please submit your textbooks feedback form before 10 AM today, it closes soon."
spam,"LIMITED OFFER: Buy one get one FREE on all textbooks. Hurry, offer ends today! Visit login-update-secure.com"
spam,Congratulations Priya! You have WON a PlayStation 5 worth $10000. Claim now before it expires!
spam,Refinance your loan today and save thousands! Pre-approved offer expires in 3 days. Reply now.
ham,Thanks for sending over the invoice. I have processed the payment of $50 today.
ham,"Hey Isha, are we still on for lunch on Wednesday? I was thinking the cafe near the office."
ham,Let's sync up about the furniture presentation before the the university review on Tuesday.
ham,"Great job on the electronics hackathon submission, the the university panel really liked the idea."
spam,Your prize of $100 cash is waiting! Click secure-verify-account.com now to claim before midnight tonight.
ham,"Hi Ravi, thanks for your help with the the marketing plan project, really appreciate the effort."
spam,"Make $5000 a day from home with this secret system! No boss, no schedule, click bit.ly/claim-now now."
spam,Your PayPal account has been limited. Verify your identity now at bit.ly/claim-now to restore access.
ham,"Happy birthday Vikram! Hope you have a wonderful day, let's catch up over coffee soon."
ham,You can get a free upgrade to the premium the university library plan if you register before Monday.
ham,"Hi Pooja, can we reschedule our meeting to Thursday at 5 PM? Let me know if that works for you."
spam,Cheap textbooks at unbeatable prices! 90% OFF today only. Order now at secure-verify-account.com before stock runs out.
spam,Cheap furniture at unbeatable prices! 90% OFF today only. Order now at login-update-secure.com before stock runs out.
ham,"Hi Isha, just checking in about the the marketing plan internship interview scheduled for Saturday at 10 AM."
spam,CONGRATULATIONS! Your mobile number has won $10000 in the the university lottery. Contact us immediately.
ham,"Hi John, the HDFC Bank library will be closed on tomorrow for maintenance, plan your visit accordingly."
ham,Your order for electronics has been shipped and will arrive by Thursday. Track it using the link in your account.
ham,"The the university placement drive is scheduled for tomorrow, please carry your resume and ID card."
ham,Reminder: the HDFC Bank team stand-up is at 2 PM tomorrow. Please join on time.
ham,"Hi John, the Microsoft library will be closed on next week for maintenance, plan your visit accordingly."
spam,Your the placement cell account shows suspicious activity. Confirm your password at secure-verify-account.com within 24 hours.
ham,"Team, the sprint review for the lab assignment is at 6 PM on Tuesday, please prepare your updates."
spam,"Double your bitcoin investment in 30 days guaranteed! Limited slots available, invest now at www.free-prize-win.net."
spam,"Exclusive deal just for you Aditi! Get furniture absolutely FREE, just pay shipping. Order now!"
ham,Your flight to the the college conference is confirmed for Monday. Boarding passes are attached.
spam,FREE entry into our $5000 weekly draw just by texting WIN to 80087 now!
ham,You can get a free upgrade to the premium the college library plan if you register before Wednesday.
ham,"Congratulations on completing the the semester project certification Kavya, well deserved!"
ham,The quarterly project deadline has been moved to Thursday. Please update your timelines accordingly.
spam,Refinance your loan today and save thousands! Pre-approved offer expires in 10 days. Reply now.
spam,Your prize of $50 cash is waiting! Click login-update-secure.com now to claim before midnight tonight.
ham,"Hi Emma, thanks for your help with the furniture project, really appreciate the effort."
ham,"Hi Vikram, thanks for your help with the the marketing plan project, really appreciate the effort."
spam,WINNER!! As a valued customer you have been selected to receive a free vacation package. Call now!
spam,Cheap watches at unbeatable prices! 90% OFF today only. Order now at bit.ly/claim-now before stock runs out.
ham,"Thanks for the feedback on my shoes report, I will make the corrections by Thursday."
ham,Let's sync up about the textbooks presentation before the the college review on tomorrow.
spam,Lose 5000 pounds in 10 days with this ONE simple trick doctors don't want you to know!
ham,"Thanks for the feedback on my the internship report report, I will make the corrections by Tuesday."
ham,"Thanks for the feedback on my the lab assignment report, I will make the corrections by Thursday."
ham,Reminder: electricity bill of $50 is due on Tuesday. You can pay it online via the portal.
ham,"Hi Neha, thanks for your help with the the marketing plan project, really appreciate the effort."
spam,Your prize of $10000 cash is waiting! Click www.free-prize-win.net now to claim before midnight tonight.
spam,Congratulations Emma! You have WON a smartwatch worth $500. Claim now before it expires!
ham,"Congratulations on completing the the semester project certification Sneha, well deserved!"
ham,"Thanks for the feedback on my textbooks report, I will make the corrections by Tuesday."
ham,Your flight to the Google conference is confirmed for Monday. Boarding passes are attached.
spam,Your PayPal account has been limited. Verify your identity now at secure-verify-account.com to restore access.
spam,Your Microsoft account shows suspicious activity. Confirm your password at www.free-prize-win.net within 24 hours.
ham,"Thanks for the feedback on my the internship report report, I will make the corrections by Sunday."
ham,"Team, the sprint review for the research paper is at 10 AM on Monday, please prepare your updates."
spam,Congratulations Anjali! You have WON a laptop worth $50. Claim now before it expires!
ham,"Congratulations on completing the textbooks certification Arjun, well deserved!"
spam,Your prize of $500 cash is waiting! Click secure-verify-account.com now to claim before midnight tonight.
ham,"The Amazon placement drive is scheduled for Friday, please carry your resume and ID card."
ham,Your flight to the Google conference is confirmed for Saturday. Boarding passes are attached.
ham,Reminder: the the college team stand-up is at 10 AM tomorrow. Please join on time.
spam,"LIMITED OFFER: Buy one get one FREE on all furniture. Hurry, offer ends today! Visit secure-verify-account.com"
ham,Thanks for sending over the invoice. I have processed the payment of $1000 today.
ham,Can you review the furniture document I shared and send feedback by Tuesday?
spam,WINNER!! As a valued customer you have been selected to receive a free cash prize. Call now!
ham,"Hi Kavya, can we reschedule our meeting to Tuesday at 5 PM? Let me know if that works for you."
spam,Your HDFC Bank account shows suspicious activity. Confirm your password at secure-verify-account.com within 24 hours.
ham,"Hey Rohit, are we still on for lunch on Friday? I was thinking the cafe near the office."
spam,"LIMITED OFFER: Buy one get one FREE on all the semester project. Hurry, offer ends today! Visit bit.ly/claim-now"
spam,Lose 1000 pounds in 10 days with this ONE simple trick doctors don't want you to know!
spam,"Double your bitcoin investment in 10 days guaranteed! Limited slots available, invest now at login-update-secure.com."
spam,"Dear Sneha, you have inherited $10000 from a relative abroad. Contact us to claim your funds."
ham,Your flight to the the college conference is confirmed for tomorrow. Boarding passes are attached.
spam,"This is not a scam! Guaranteed $5000 income, work only 30 hours a week. Join today."
ham,"Reminder: your free trial for the AKTU software ends on Monday, upgrade if you'd like to continue."
ham,"Hi Kavya, the Amazon library will be closed on Tuesday for maintenance, plan your visit accordingly."
spam,Refinance your loan today and save thousands! Pre-approved offer expires in 7 days. Reply now.
ham,This is an urgent reminder that fee payment for the semester is due on Thursday.
ham,Please submit your assignment on shoes before 9 AM on Sunday through the portal.
spam,CONGRATULATIONS! Your mobile number has won $1000 in the Google lottery. Contact us immediately.
ham,Please find attached the the research paper report for this month. Let me know if you have questions.
spam,Get rich quick! Earn $100 per week working from home. No experience required. Sign up now!
ham,Your order for watches has been shipped and will arrive by Thursday. Track it using the link in your account.
spam,"Double your bitcoin investment in 30 days guaranteed! Limited slots available, invest now at login-update-secure.com."
spam,Lose 10000 pounds in 14 days with this ONE simple trick doctors don't want you to know!
spam,Lose 1000 pounds in 5 days with this ONE simple trick doctors don't want you to know!
spam,"This is not a scam! Guaranteed $5000 income, work only 14 hours a week. Join today."
spam,Cheap the internship report at unbeatable prices! 90% OFF today only. Order now at secure-verify-account.com before stock runs out.
ham,"Hi Vikram, the Microsoft scholarship results are out, congratulations on your selection!"
ham,"Hi Rahul, just checking in about the the lab assignment internship interview scheduled for Saturday at 3:30 PM."
ham,Reminder: the the placement cell team stand-up is at 5 PM tomorrow. Please join on time.
spam,"Double your bitcoin investment in 14 days guaranteed! Limited slots available, invest now at login-update-secure.com."
ham,"The the placement cell placement drive is scheduled for next week, please carry your resume and ID card."
spam,"Exclusive deal just for you Neha! Get the marketing plan absolutely FREE, just pay shipping. Order now!"
spam,"Make $500 a day from home with this secret system! No boss, no schedule, click www.free-prize-win.net now."
ham,"The the college placement drive is scheduled for tomorrow, please carry your resume and ID card."
ham,"Happy birthday Anjali! Hope you have a wonderful day, let's catch up over coffee soon."
ham,The quarterly project deadline has been moved to Saturday. Please update your timelines accordingly.
ham,Thanks for sending over the invoice. I have processed the payment of $10000 today.
spam,Congratulations Rohit! You have WON a laptop worth $500. Claim now before it expires!
spam,"Make $500 a day from home with this secret system! No boss, no schedule, click login-update-secure.com now."
ham,"Thanks for the feedback on my the research paper report, I will make the corrections by Friday."
spam,"Exclusive deal just for you Anjali! Get textbooks absolutely FREE, just pay shipping. Order now!"
ham,This is an urgent reminder that fee payment for the semester is due on Saturday.
ham,"Hi Anjali, the the placement cell library will be closed on next week for maintenance, plan your visit accordingly."
spam,"Double your bitcoin investment in 5 days guaranteed! Limited slots available, invest now at secure-verify-account.com."
ham,"The AKTU placement drive is scheduled for Thursday, please carry your resume and ID card."
spam,"Make $100 a day from home with this secret system! No boss, no schedule, click secure-verify-account.com now."
spam,"Dear Priya, you have inherited $5000 from a relative abroad. Contact us to claim your funds."
spam,URGENT: Your account will be suspended. Click here bit.ly/claim-now to verify your details immediately.
spam,Lose 50 pounds in 2 days with this ONE simple trick doctors don't want you to know!
spam,Cheap furniture at unbeatable prices! 90% OFF today only. Order now at secure-verify-account.com before stock runs out.
spam,"Double your bitcoin investment in 3 days guaranteed! Limited slots available, invest now at bit.ly/claim-now."
ham,You can get a free upgrade to the premium Amazon library plan if you register before Monday.
ham,Let's sync up about the textbooks presentation before the HDFC Bank review on tomorrow.
ham,"Hi Anjali, can we reschedule our meeting to Friday at 6 PM? Let me know if that works for you."
ham,"Hi Vikram, the Amazon library will be closed on Friday for maintenance, plan your visit accordingly."
ham,"The professor extended the electronics lab submission deadline to Friday, please plan accordingly."
spam,You have been selected to receive a FREE the internship report. Reply YES to claim your prize now.
spam,Act now! Your credit score qualifies you for a $1000 loan with 0% interest. Apply at www.free-prize-win.net
ham,The quarterly project deadline has been moved to Monday. Please update your timelines accordingly.
ham,"Team, the sprint review for the marketing plan is at 11 AM on Tuesday, please prepare your updates."
ham,"The professor extended the textbooks lab submission deadline to Saturday, please plan accordingly."
spam,"This is not a scam! Guaranteed $50 income, work only 5 hours a week. Join today."
spam,FINAL NOTICE: Your payment of $500 is overdue. Pay now to avoid legal action at www.free-prize-win.net.
spam,"Exclusive deal just for you David! Get the internship report absolutely FREE, just pay shipping. Order now!"
ham,"Reminder: your free trial for the the university software ends on Thursday, upgrade if you'd like to continue."
ham,The quarterly project deadline has been moved to next week. Please update your timelines accordingly.
ham,Reminder: electricity bill of $50 is due on Wednesday. You can pay it online via the portal.
ham,"Hi Emma, the the placement cell scholarship results are out, congratulations on your selection!"
ham,Can you review the textbooks document I shared and send feedback by Wednesday?
ham,"Hi Rohit, the Amazon library will be closed on Friday for maintenance, plan your visit accordingly."
ham,"Hi John, just checking in about the the internship report internship interview scheduled for Wednesday at 2 PM."
spam,URGENT: Your account will be suspended. Click here login-update-secure.com to verify your details immediately.
ham,Could you please share the notes from the furniture lecture? I missed class yesterday.
spam,"This is not a scam! Guaranteed $500 income, work only 14 hours a week. Join today."
ham,Your order for textbooks has been shipped and will arrive by Friday. Track it using the link in your account.
spam,"Make $50 a day from home with this secret system! No boss, no schedule, click secure-verify-account.com now."
ham,Please find attached the the semester project report for this month. Let me know if you have questions.
spam,"LIMITED OFFER: Buy one get one FREE on all textbooks. Hurry, offer ends today! Visit www.free-prize-win.net"
spam,FREE entry into our $250 weekly draw just by texting WIN to 80087 now!
ham,"Hi Amit, the Microsoft scholarship results are out, congratulations on your selection!"
spam,FINAL NOTICE: Your payment of $5000 is overdue. Pay now to avoid legal action at login-update-secure.com.
ham,Reminder: the Google team stand-up is at 9 AM tomorrow. Please join on time.
ham,"Great job on the watches hackathon submission, the the college panel really liked the idea."
ham,"The Google placement drive is scheduled for Tuesday, please carry your resume and ID card."
ham,"Hi Vikram, the Google library will be closed on Wednesday for maintenance, plan your visit accordingly."
spam,CONGRATULATIONS! Your mobile number has won $100 in the Google lottery. Contact us immediately.
ham,"Reminder: your free trial for the the college software ends on Friday, upgrade if you'd like to continue."
spam,"LIMITED OFFER: Buy one get one FREE on all the semester project. Hurry, offer ends today! Visit login-update-secure.com"
spam,You have been selected to receive a FREE shoes. Reply YES to claim your prize now.
ham,Let's sync up about the the research paper presentation before the AKTU review on Friday.
ham,Reminder: electricity bill of $250 is due on Wednesday. You can pay it online via the portal.
ham,"Hi Vikram, can we reschedule our meeting to Tuesday at 6 PM? Let me know if that works for you."
spam,"Viagra, Cialis and more at 80% discount! No prescription needed. Order discreetly at secure-verify-account.com."
spam,FINAL NOTICE: Your payment of $10000 is overdue. Pay now to avoid legal action at www.free-prize-win.net.
ham,"Hi Sneha, the Microsoft library will be closed on Saturday for maintenance, plan your visit accordingly."
ham,Let's sync up about the shoes presentation before the Google review on Monday.
ham,Could you please share the notes from the the marketing plan lecture? I missed class yesterday.
ham,"Reminder: your free trial for the Amazon software ends on Friday, upgrade if you'd like to continue."
ham,"Hi Meera, the Amazon scholarship results are out, congratulations on your selection!"
ham,You can get a free upgrade to the premium Google library plan if you register before Tuesday.
spam,FINAL NOTICE: Your payment of $100 is overdue. Pay now to avoid legal action at bit.ly/claim-now.
ham,"Hi Vikram, just checking in about the the internship report internship interview scheduled for Tuesday at 11 AM."
ham,"Hi Aditi, can we reschedule our meeting to next week at 3:30 PM? Let me know if that works for you."
ham,Your flight to the Google conference is confirmed for Tuesday. Boarding passes are attached.
ham,"Team, the sprint review for the marketing plan is at 3:30 PM on next week, please prepare your updates."
ham,Your order for the semester project has been shipped and will arrive by tomorrow. Track it using the link in your account.
ham,Can you review the the lab assignment document I shared and send feedback by Thursday?
spam,Act now! Your credit score qualifies you for a $100 loan with 0% interest. Apply at login-update-secure.com
ham,Your order for the marketing plan has been shipped and will arrive by Sunday. Track it using the link in your account.
spam,WINNER!! As a valued customer you have been selected to receive a free PlayStation 5. Call now!
ham,"Congratulations on completing the textbooks certification Aditi, well deserved!"
ham,"The professor extended the watches lab submission deadline to Tuesday, please plan accordingly."
ham,The quarterly project deadline has been moved to Wednesday. Please update your timelines accordingly.
spam,Your prize of $50 cash is waiting! Click www.free-prize-win.net now to claim before midnight tonight.
spam,CONGRATULATIONS! Your mobile number has won $1000 in the HDFC Bank lottery. Contact us immediately.
ham,Could you please share the notes from the watches lecture? I missed class yesterday.
spam,FINAL NOTICE: Your payment of $250 is overdue. Pay now to avoid legal action at login-update-secure.com.
ham,"Hi Neha, just checking in about the the semester project internship interview scheduled for Thursday at 9 AM."
ham,Please find attached the watches report for this month. Let me know if you have questions.
spam,"Double your bitcoin investment in 10 days guaranteed! Limited slots available, invest now at www.free-prize-win.net."
spam,"Hot singles in your area want to meet you tonight! Click secure-verify-account.com to chat now, 100% free!"
spam,"Double your bitcoin investment in 14 days guaranteed! Limited slots available, invest now at www.free-prize-win.net."
ham,You can get a free upgrade to the premium the placement cell library plan if you register before tomorrow.
ham,"The the university placement drive is scheduled for Wednesday, please carry your resume and ID card."
spam,Lose 250 pounds in 5 days with this ONE simple trick doctors don't want you to know!
ham,"Team, the sprint review for the marketing plan is at 3:30 PM on Saturday, please prepare your updates."
ham,Please submit your assignment on the internship report before 2 PM on tomorrow through the portal.
spam,CONGRATULATIONS! Your mobile number has won $5000 in the the university lottery. Contact us immediately.
ham,Let's sync up about the watches presentation before the the college review on Sunday.
spam,CONGRATULATIONS! Your mobile number has won $500 in the Amazon lottery. Contact us immediately.
ham,"Happy birthday Sneha! Hope you have a wonderful day, let's catch up over coffee soon."
spam,"Double your bitcoin investment in 5 days guaranteed! Limited slots available, invest now at bit.ly/claim-now."
spam,CONGRATULATIONS! Your mobile number has won $500 in the AKTU lottery. Contact us immediately.
ham,"Hi David, the the placement cell library will be closed on Thursday for maintenance, plan your visit accordingly."
ham,You can get a free upgrade to the premium Microsoft library plan if you register before Monday.
ham,"Hi Karan, just checking in about the textbooks internship interview scheduled for Sunday at 3:30 PM."
ham,"Hi team, here are the minutes from today's Microsoft meeting. Action items are listed below."
spam,Your prize of $250 cash is waiting! Click login-update-secure.com now to claim before midnight tonight.
spam,Congratulations Amit! You have WON a PlayStation 5 worth $100. Claim now before it expires!
ham,"Happy birthday Emma! Hope you have a wonderful day, let's catch up over coffee soon."
spam,Act now! Your credit score qualifies you for a $500 loan with 0% interest. Apply at login-update-secure.com
ham,"Thanks for the feedback on my the lab assignment report, I will make the corrections by Wednesday."
ham,Reminder: the AKTU team stand-up is at 6 PM tomorrow. Please join on time.
ham,"Great job on the electronics hackathon submission, the AKTU panel really liked the idea."
ham,Your flight to the the university conference is confirmed for Sunday. Boarding passes are attached.
spam,Your the college account shows suspicious activity. Confirm your password at secure-verify-account.com within 24 hours.
spam,Lose 10000 pounds in 5 days with this ONE simple trick doctors don't want you to know!
ham,Please submit your assignment on the research paper before 9 AM on Thursday through the portal.
ham,"Team, the sprint review for shoes is at 3:30 PM on Tuesday, please prepare your updates."
ham,Please submit your assignment on shoes before 5 PM on Monday through the portal.
ham,Reminder: the HDFC Bank team stand-up is at 6 PM tomorrow. Please join on time.
ham,Your order for the lab assignment has been shipped and will arrive by Tuesday. Track it using the link in your account.
spam,Cheap the research paper at unbeatable prices! 90% OFF today only. Order now at bit.ly/claim-now before stock runs out.
spam,Your prize of $500 cash is waiting! Click www.free-prize-win.net now to claim before midnight tonight.
spam,CONGRATULATIONS! Your mobile number has won $50 in the Microsoft lottery. Contact us immediately.
ham,"Hi Emma, just checking in about the the research paper internship interview scheduled for Thursday at 11 AM."
spam,FREE entry into our $50 weekly draw just by texting WIN to 80087 now!
ham,"Happy birthday Karan! Hope you have a wonderful day, let's catch up over coffee soon."
spam,Congratulations Meera! You have WON a cash prize worth $500. Claim now before it expires!
spam,CONGRATULATIONS! Your mobile number has won $250 in the the college lottery. Contact us immediately.
spam,Your Microsoft account shows suspicious activity. Confirm your password at login-update-secure.com within 24 hours.
ham,"Hi David, the AKTU scholarship results are out, congratulations on your selection!"
spam,"You are our lucky winner! Claim your FREE smartwatch today. Limited time offer, act now!"
spam,FINAL NOTICE: Your payment of $500 is overdue. Pay now to avoid legal action at login-update-secure.com.
spam,"Make $250 a day from home with this secret system! No boss, no schedule, click login-update-secure.com now."
ham,Could you please share the notes from the the semester project lecture? I missed class yesterday.
spam,"This is not a scam! Guaranteed $1000 income, work only 5 hours a week. Join today."
ham,"Hey Meera, are we still on for lunch on Friday? I was thinking the cafe near the office."
ham,"The the placement cell placement drive is scheduled for Friday, please carry your resume and ID card."
spam,FINAL NOTICE: Your payment of $50 is overdue. Pay now to avoid legal action at www.free-prize-win.net.
ham,"The the college placement drive is scheduled for Friday, please carry your resume and ID card."
ham,Reminder: electricity bill of $1000 is due on tomorrow. You can pay it online via the portal.
ham,You can get a free upgrade to the premium Amazon library plan if you register before next week.
ham,Please submit your assignment on textbooks before 2 PM on Sunday through the portal.
spam,Congratulations Amit! You have WON a vacation package worth $500. Claim now before it expires!
ham,"Great job on the shoes hackathon submission, the HDFC Bank panel really liked the idea."
ham,Please submit your assignment on the research paper before 10 AM on Thursday through the portal.
ham,"Hey Aditi, are we still on for lunch on Tuesday? I was thinking the cafe near the office."
ham,"Reminder: your free trial for the HDFC Bank software ends on tomorrow, upgrade if you'd like to continue."
ham,"Congratulations on completing the the semester project certification Amit, well deserved!"
ham,"Thanks for the feedback on my the marketing plan report, I will make the corrections by Wednesday."
ham,"Team, the sprint review for textbooks is at 2 PM on Thursday, please prepare your updates."
ham,Can you review the the semester project document I shared and send feedback by tomorrow?
spam,WINNER!! As a valued customer you have been selected to receive a free iPhone 15. Call now!
ham,"Hi Kavya, thanks for your help with the shoes project, really appreciate the effort."
ham,Reminder: electricity bill of $500 is due on Tuesday. You can pay it online via the portal.
ham,"The AKTU placement drive is scheduled for Monday, please carry your resume and ID card."
spam,"Exclusive deal just for you Sneha! Get the marketing plan absolutely FREE, just pay shipping. Order now!"
spam,"Make $50 a day from home with this secret system! No boss, no schedule, click login-update-secure.com now."
ham,"Hi John, the HDFC Bank library will be closed on Saturday for maintenance, plan your visit accordingly."
ham,"Happy birthday Pooja! Hope you have a wonderful day, let's catch up over coffee soon."
ham,"Hey Kavya, are we still on for lunch on Saturday? I was thinking the cafe near the office."
spam,Lose 1000 pounds in 3 days with this ONE simple trick doctors don't want you to know!
ham,You can get a free upgrade to the premium Google library plan if you register before next week.
spam,CONGRATULATIONS! Your mobile number has won $500 in the Microsoft lottery. Contact us immediately.
ham,"Hi Aditi, can we reschedule our meeting to Tuesday at 9 AM? Let me know if that works for you."
ham,"Great job on the the marketing plan hackathon submission, the Google panel really liked the idea."
ham,"The professor extended the shoes lab submission deadline to Friday, please plan accordingly."
spam,"Dear Kavya, you have inherited $500 from a relative abroad. Contact us to claim your funds."
ham,"Happy birthday Arjun! Hope you have a wonderful day, let's catch up over coffee soon."
ham,"Hey Arjun, are we still on for lunch on next week? I was thinking the cafe near the office."
spam,"Exclusive deal just for you John! Get electronics absolutely FREE, just pay shipping. Order now!"
ham,"Hi team, here are the minutes from today's AKTU meeting. Action items are listed below."
ham,Your order for electronics has been shipped and will arrive by Monday. Track it using the link in your account.
spam,Your prize of $1000 cash is waiting! Click bit.ly/claim-now now to claim before midnight tonight.
ham,Reminder: electricity bill of $250 is due on Thursday. You can pay it online via the portal.
ham,Can you review the shoes document I shared and send feedback by Tuesday?
ham,Reminder: the Microsoft team stand-up is at 10 AM tomorrow. Please join on time.
ham,This is an urgent reminder that fee payment for the semester is due on Sunday.
ham,You can get a free upgrade to the premium the college library plan if you register before Sunday.
ham,Reminder: the Google team stand-up is at 2 PM tomorrow. Please join on time.
ham,"Hi Sam, can we reschedule our meeting to next week at 5 PM? Let me know if that works for you."
ham,"The professor extended the electronics lab submission deadline to Tuesday, please plan accordingly."
ham,"Hi Amit, the Microsoft library will be closed on Friday for maintenance, plan your visit accordingly."
ham,"Hi Emma, thanks for your help with the shoes project, really appreciate the effort."
ham,"Hi Isha, thanks for your help with the the internship report project, really appreciate the effort."
ham,"Urgent: please submit your the semester project feedback form before 9 AM today, it closes soon."
ham,"Great job on the the internship report hackathon submission, the Microsoft panel really liked the idea."
ham,"The Microsoft placement drive is scheduled for Monday, please carry your resume and ID card."
ham,"Hi Vikram, the Amazon library will be closed on next week for maintenance, plan your visit accordingly."
spam,FREE entry into our $500 weekly draw just by texting WIN to 80087 now!
spam,Act now! Your credit score qualifies you for a $50 loan with 0% interest. Apply at www.free-prize-win.net
spam,Congratulations Amit! You have WON a smartwatch worth $1000. Claim now before it expires!
ham,"Great job on the furniture hackathon submission, the AKTU panel really liked the idea."
spam,Act now! Your credit score qualifies you for a $5000 loan with 0% interest. Apply at www.free-prize-win.net
ham,"The professor extended the textbooks lab submission deadline to next week, please plan accordingly."
spam,URGENT: Your account will be suspended. Click here www.free-prize-win.net to verify your details immediately.
ham,Can you review the shoes document I shared and send feedback by tomorrow?
ham,"Great job on the the lab assignment hackathon submission, the AKTU panel really liked the idea."
ham,"The Microsoft placement drive is scheduled for next week, please carry your resume and ID card."
ham,"Hi John, the Amazon library will be closed on Wednesday for maintenance, plan your visit accordingly."
spam,Your the university account shows suspicious activity. Confirm your password at secure-verify-account.com within 24 hours.
ham,"Great job on the the internship report hackathon submission, the the placement cell panel really liked the idea."
spam,Your HDFC Bank account shows suspicious activity. Confirm your password at www.free-prize-win.net within 24 hours.
ham,Reminder: electricity bill of $5000 is due on Friday. You can pay it online via the portal.
ham,"Reminder: your free trial for the the placement cell software ends on Wednesday, upgrade if you'd like to continue."
ham,Reminder: the AKTU team stand-up is at 9 AM tomorrow. Please join on time.
ham,Reminder: electricity bill of $100 is due on Thursday. You can pay it online via the portal.
spam,CONGRATULATIONS! Your mobile number has won $50 in the HDFC Bank lottery. Contact us immediately.
ham,This is an urgent reminder that fee payment for the semester is due on next week.
ham,"Hi Isha, can we reschedule our meeting to Saturday at 6 PM? Let me know if that works for you."
ham,Let's sync up about the the semester project presentation before the the placement cell review on tomorrow.
spam,"LIMITED OFFER: Buy one get one FREE on all furniture. Hurry, offer ends today! Visit www.free-prize-win.net"
spam,Act now! Your credit score qualifies you for a $500 loan with 0% interest. Apply at bit.ly/claim-now
ham,"Urgent: please submit your watches feedback form before 2 PM today, it closes soon."
ham,"Hi Rohit, the HDFC Bank library will be closed on Tuesday for maintenance, plan your visit accordingly."
ham,Your order for the research paper has been shipped and will arrive by Thursday. Track it using the link in your account.
ham,This is an urgent reminder that fee payment for the semester is due on Wednesday.
ham,Can you review the watches document I shared and send feedback by Monday?
spam,"You are our lucky winner! Claim your FREE gift voucher today. Limited time offer, act now!"
ham,"Hi Anjali, just checking in about the the semester project internship interview scheduled for Sunday at 3:30 PM."
ham,"Reminder: your free trial for the HDFC Bank software ends on Friday, upgrade if you'd like to continue."
ham,Your order for the research paper has been shipped and will arrive by next week. Track it using the link in your account.
spam,Act now! Your credit score qualifies you for a $250 loan with 0% interest. Apply at www.free-prize-win.net
spam,WINNER!! As a valued customer you have been selected to receive a free laptop. Call now!
spam,Act now! Your credit score qualifies you for a $50 loan with 0% interest. Apply at bit.ly/claim-now
spam,Lose 10000 pounds in 10 days with this ONE simple trick doctors don't want you to know!
spam,CONGRATULATIONS! Your mobile number has won $500 in the the university lottery. Contact us immediately.
ham,"The professor extended the the lab assignment lab submission deadline to Monday, please plan accordingly."
spam,"Make $50 a day from home with this secret system! No boss, no schedule, click www.free-prize-win.net now."
ham,"Hi Pooja, the the college scholarship results are out, congratulations on your selection!"
ham,"Urgent: please submit your textbooks feedback form before 3:30 PM today, it closes soon."
spam,FINAL NOTICE: Your payment of $250 is overdue. Pay now to avoid legal action at bit.ly/claim-now.
ham,Can you review the watches document I shared and send feedback by Friday?
ham,"Hi Sam, can we reschedule our meeting to Friday at 6 PM? Let me know if that works for you."
ham,"Hi Rahul, just checking in about the the internship report internship interview scheduled for Wednesday at 10 AM."
ham,"The Amazon placement drive is scheduled for Monday, please carry your resume and ID card."
ham,Please find attached the the marketing plan report for this month. Let me know if you have questions.
spam,Congratulations Vikram! You have WON a iPhone 15 worth $10000. Claim now before it expires!
spam,FINAL NOTICE: Your payment of $50 is overdue. Pay now to avoid legal action at secure-verify-account.com.
ham,"Hi Kavya, just checking in about the the semester project internship interview scheduled for Friday at 3:30 PM."
ham,"Hi Priya, the Microsoft library will be closed on Sunday for maintenance, plan your visit accordingly."
spam,"This is not a scam! Guaranteed $500 income, work only 5 hours a week. Join today."
ham,"Hi Rohit, can we reschedule our meeting to Thursday at 9 AM? Let me know if that works for you."
ham,"Hi Vikram, just checking in about the shoes internship interview scheduled for Tuesday at 6 PM."
spam,"Exclusive deal just for you Arjun! Get watches absolutely FREE, just pay shipping. Order now!"
spam,Lose 500 pounds in 10 days with this ONE simple trick doctors don't want you to know!
spam,FINAL NOTICE: Your payment of $1000 is overdue. Pay now to avoid legal action at bit.ly/claim-now.
spam,"Hot singles in your area want to meet you tonight! Click www.free-prize-win.net to chat now, 100% free!"
ham,Reminder: the the college team stand-up is at 5 PM tomorrow. Please join on time.
ham,Attached is the electronics internship certificate you requested for verification.
spam,Your prize of $500 cash is waiting! Click bit.ly/claim-now now to claim before midnight tonight.
spam,Get rich quick! Earn $10000 per week working from home. No experience required. Sign up now!
spam,"This is not a scam! Guaranteed $500 income, work only 7 hours a week. Join today."
ham,Let's sync up about the shoes presentation before the Microsoft review on Monday.
ham,Let's sync up about the the internship report presentation before the Amazon review on Thursday.
ham,"Hi Priya, thanks for your help with the the internship report project, really appreciate the effort."
spam,Cheap textbooks at unbeatable prices! 90% OFF today only. Order now at login-update-secure.com before stock runs out.
ham,Your order for the lab assignment has been shipped and will arrive by Wednesday. Track it using the link in your account.
spam,"Exclusive deal just for you Sam! Get the marketing plan absolutely FREE, just pay shipping. Order now!"
ham,Please find attached the the lab assignment report for this month. Let me know if you have questions.
ham,"Great job on the the research paper hackathon submission, the Amazon panel really liked the idea."
ham,"Hi Vikram, just checking in about the the research paper internship interview scheduled for Wednesday at 6 PM."
ham,"Happy birthday Rahul! Hope you have a wonderful day, let's catch up over coffee soon."
spam,"Exclusive deal just for you Karan! Get the research paper absolutely FREE, just pay shipping. Order now!"
spam,You have been selected to receive a FREE electronics. Reply YES to claim your prize now.
spam,Act now! Your credit score qualifies you for a $10000 loan with 0% interest. Apply at secure-verify-account.com
ham,This is an urgent reminder that fee payment for the semester is due on Friday.
ham,"Hi John, the the college scholarship results are out, congratulations on your selection!"
ham,Let's sync up about the the semester project presentation before the the placement cell review on next week.
ham,Let's sync up about the textbooks presentation before the the university review on Friday.
ham,"Hi Kavya, the the college scholarship results are out, congratulations on your selection!"
spam,Cheap the research paper at unbeatable prices! 90% OFF today only. Order now at secure-verify-account.com before stock runs out.
ham,"The professor extended the the marketing plan lab submission deadline to tomorrow, please plan accordingly."
ham,Could you please share the notes from the textbooks lecture? I missed class yesterday.
spam,"Double your bitcoin investment in 2 days guaranteed! Limited slots available, invest now at login-update-secure.com."
ham,Reminder: electricity bill of $5000 is due on Thursday. You can pay it online via the portal.
ham,Attached is the textbooks internship certificate you requested for verification.
spam,"Make $10000 a day from home with this secret system! No boss, no schedule, click login-update-secure.com now."
spam,"This is not a scam! Guaranteed $250 income, work only 7 hours a week. Join today."
spam,CONGRATULATIONS! Your mobile number has won $5000 in the HDFC Bank lottery. Contact us immediately.
ham,Let's sync up about the the internship report presentation before the Microsoft review on Tuesday.
ham,"Thanks for the feedback on my textbooks report, I will make the corrections by tomorrow."
ham,"Hi team, here are the minutes from today's the college meeting. Action items are listed below."
ham,"Urgent: please submit your the semester project feedback form before 2 PM today, it closes soon."
spam,"Exclusive deal just for you Sam! Get the research paper absolutely FREE, just pay shipping. Order now!"
ham,"Reminder: your free trial for the the placement cell software ends on next week, upgrade if you'd like to continue."
ham,"Hi Neha, just checking in about the shoes internship interview scheduled for Thursday at 3:30 PM."
ham,Your flight to the AKTU conference is confirmed for Wednesday. Boarding passes are attached.
spam,"Exclusive deal just for you Anjali! Get the semester project absolutely FREE, just pay shipping. Order now!"
spam,"Make $1000 a day from home with this secret system! No boss, no schedule, click bit.ly/claim-now now."
spam,Congratulations Emma! You have WON a PlayStation 5 worth $250. Claim now before it expires!
ham,"Thanks for the feedback on my the internship report report, I will make the corrections by next week."
ham,Your flight to the the college conference is confirmed for Friday. Boarding passes are attached.
spam,FINAL NOTICE: Your payment of $5000 is overdue. Pay now to avoid legal action at www.free-prize-win.net.
spam,"Dear Rohit, you have inherited $250 from a relative abroad. Contact us to claim your funds."
ham,"Great job on the furniture hackathon submission, the the university panel really liked the idea."
ham,"The professor extended the the internship report lab submission deadline to Friday, please plan accordingly."
ham,"Hi Aditi, the Amazon library will be closed on Thursday for maintenance, plan your visit accordingly."
ham,"Urgent: please submit your furniture feedback form before 2 PM today, it closes soon."
ham,Please submit your assignment on the internship report before 10 AM on Tuesday through the portal.
spam,"Dear Meera, you have inherited $100 from a relative abroad. Contact us to claim your funds."
ham,"Urgent: please submit your the internship report feedback form before 6 PM today, it closes soon."
ham,Attached is the the semester project internship certificate you requested for verification.
ham,Reminder: electricity bill of $250 is due on Tuesday. You can pay it online via the portal.
spam,Congratulations Ravi! You have WON a laptop worth $5000. Claim now before it expires!
ham,Your flight to the the college conference is confirmed for next week. Boarding passes are attached.
ham,"The professor extended the the lab assignment lab submission deadline to Tuesday, please plan accordingly."
ham,Reminder: electricity bill of $10000 is due on Thursday. You can pay it online via the portal.
ham,Reminder: electricity bill of $50 is due on Monday. You can pay it online via the portal.
spam,Congratulations Arjun! You have WON a gift voucher worth $5000. Claim now before it expires!
ham,"Great job on the textbooks hackathon submission, the the college panel really liked the idea."
ham,Can you review the watches document I shared and send feedback by tomorrow?
ham,"Hey Isha, are we still on for lunch on tomorrow? I was thinking the cafe near the office."
spam,Cheap shoes at unbeatable prices! 90% OFF today only. Order now at login-update-secure.com before stock runs out.
spam,"You are our lucky winner! Claim your FREE laptop today. Limited time offer, act now!"
spam,Lose 5000 pounds in 5 days with this ONE simple trick doctors don't want you to know!
ham,"Happy birthday Neha! Hope you have a wonderful day, let's catch up over coffee soon."
spam,Your Google account shows suspicious activity. Confirm your password at bit.ly/claim-now within 24 hours.
spam,CONGRATULATIONS! Your mobile number has won $5000 in the Amazon lottery. Contact us immediately.
spam,CONGRATULATIONS! Your mobile number has won $500 in the the placement cell lottery. Contact us immediately.
ham,"Hi Aditi, thanks for your help with the the semester project project, really appreciate the effort."
ham,Reminder: the the college team stand-up is at 6 PM tomorrow. Please join on time.
ham,"Hi Arjun, the HDFC Bank scholarship results are out, congratulations on your selection!"
ham,"The professor extended the furniture lab submission deadline to next week, please plan accordingly."
ham,Your order for the semester project has been shipped and will arrive by Tuesday. Track it using the link in your account.
spam,Act now! Your credit score qualifies you for a $1000 loan with 0% interest. Apply at login-update-secure.com
ham,"Hi Amit, the AKTU scholarship results are out, congratulations on your selection!"
spam,"Make $1000 a day from home with this secret system! No boss, no schedule, click secure-verify-account.com now."
ham,"Hey Ravi, are we still on for lunch on Sunday? I was thinking the cafe near the office."
spam,Cheap the marketing plan at unbeatable prices! 90% OFF today only. Order now at login-update-secure.com before stock runs out.
ham,"Happy birthday Meera! Hope you have a wonderful day, let's catch up over coffee soon."
spam,FREE entry into our $100 weekly draw just by texting WIN to 80087 now!
ham,"Thanks for the feedback on my shoes report, I will make the corrections by Wednesday."
spam,"LIMITED OFFER: Buy one get one FREE on all textbooks. Hurry, offer ends today! Visit secure-verify-account.com"
spam,"Make $10000 a day from home with this secret system! No boss, no schedule, click www.free-prize-win.net now."
ham,"Hi Neha, thanks for your help with the electronics project, really appreciate the effort."
spam,FINAL NOTICE: Your payment of $5000 is overdue. Pay now to avoid legal action at secure-verify-account.com.
ham,"Great job on the the research paper hackathon submission, the HDFC Bank panel really liked the idea."
spam,You have been selected to receive a FREE the marketing plan. Reply YES to claim your prize now.
ham,"Hi Ravi, the the college scholarship results are out, congratulations on your selection!"
spam,Congratulations Rohit! You have WON a laptop worth $50. Claim now before it expires!
spam,"This is not a scam! Guaranteed $50 income, work only 2 hours a week. Join today."
spam,"This is not a scam! Guaranteed $250 income, work only 5 hours a week. Join today."
ham,"Urgent: please submit your shoes feedback form before 5 PM today, it closes soon."
spam,CONGRATULATIONS! Your mobile number has won $50 in the the placement cell lottery. Contact us immediately.
